hashtag,tweets,months,norm
#bharatbandh (2020-21),151880,7.5,20250.66667
#farmerprotest,346642,7.5,46218.93333
#bharatbandh (2016),6257,9,695.2222222
#giletsjaunes,1462339,6,243723.1667
#occupywallstreet,617262,15,41150.8